{
    "@class": "com.kony.gen.viz.model.component.KVizButton",
    "DNDConfig": null,
    "__parentReadjusting__": false,
    "_height_": {
        "type": "string",
        "value": "50dp"
    },
    "_left_": {
        "type": "string",
        "value": "10dp"
    },
    "_margin_": [
        6,
        6,
        6,
        6
    ],
    "_padding_": [
        0,
        0,
        0,
        0
    ],
    "_skin_": "s63fa2432ba14ee0a2140808c76f7412",
    "_text_": "Refresh",
    "_top_": {
        "type": "string",
        "value": "27dp"
    },
    "_width_": {
        "type": "string",
        "value": "143dp"
    },
    "canUpdateUI": true,
    "containerweight": 100,
    "contentalignment": 5,
    "displaytext": true,
    "focusskin": "sc609138af1746948d17b461739fb4e3",
    "id": "Button0b456f8850b6247",
    "ide_onClick": "AS_Button_a2517fbb83ca4259a24205bb58b94f9e",
    "info": null,
    "iscustomlayout": false,
    "isvisible": true,
    "kuid": "af57365af2b1487a9f70949bb3240331",
    "name": "kony.ui.Button",
    "parent": "CardDetails",
    "pf": "CardDetails",
    "retaincontentalignment": false,
    "retainflexpositionproperties": false,
    "wType": "Button",
    "zindex": 1
}