{
    "@class": "com.kony.gen.viz.model.component.KVizButton",
    "DNDConfig": null,
    "__parentReadjusting__": false,
    "_height_": {
        "type": "string",
        "value": "50dp"
    },
    "_left_": {
        "type": "string",
        "value": "210dp"
    },
    "_margin_": [
        6,
        6,
        6,
        6
    ],
    "_padding_": [
        0,
        0,
        0,
        0
    ],
    "_skin_": "sc55b16a2d2545a08ec019bafba47403",
    "_text_": "Create User",
    "_top_": {
        "type": "string",
        "value": "27dp"
    },
    "_width_": {
        "type": "string",
        "value": "153dp"
    },
    "canUpdateUI": true,
    "containerweight": 100,
    "contentalignment": 5,
    "displaytext": true,
    "focusskin": "sc609138af1746948d17b461739fb4e3",
    "id": "Button0gb1ed063710746",
    "ide_onClick": "AS_Button_cce7a40394724dd2a2b14aaded20e0ad",
    "info": null,
    "iscustomlayout": false,
    "isvisible": true,
    "kuid": "g7814d86fc3747dabd0d0ff9a81d4a16",
    "name": "kony.ui.Button",
    "parent": "CardDetails",
    "pf": "CardDetails",
    "retaincontentalignment": false,
    "retainflexpositionproperties": false,
    "wType": "Button",
    "zindex": 1
}