{
    "DNDConfig": null,
    "_height_": {
        "type": "string",
        "value": "80dp"
    },
    "_margin_": [
        0,
        0,
        0,
        0
    ],
    "_orientation_": 6,
    "_padding_": [
        0,
        0,
        0,
        0
    ],
    "_percent_": true,
    "_width_": {
        "type": "string",
        "value": "100%"
    },
    "allboxes": [],
    "canUpdateUI": true,
    "children": [],
    "clipbounds": false,
    "containerId": true,
    "containerweight": 100,
    "controllerInfo": {
        "default": {
            "channel": "mobile",
            "name": "FBox0cd33a31c2cdf4eController"
        }
    },
    "enablescrolling": true,
    "id": "FBox0cd33a31c2cdf4e",
    "info": null,
    "isGeneratedTemplate": true,
    "isTemplate": true,
    "iscustomlayout": false,
    "isvisible": true,
    "kuid": "g74d5882652b40e69cfaf0c2a786fd93",
    "layouttype": 2,
    "name": "kony.ui.FlexContainer",
    "pf": "FBox0cd33a31c2cdf4e",
    "retaincontentalignment": false,
    "retainflexpositionproperties": false,
    "retainflowhorizontalalignment": false,
    "snapgridsize": 10,
    "snaptogrid": true,
    "wType": "FlexContainer",
    "widgetalignment": 1
}