{
    "@class": "com.kony.gen.viz.model.component.KVizButton",
    "DNDConfig": null,
    "__parentReadjusting__": false,
    "_height_": {
        "type": "string",
        "value": "50dp"
    },
    "_left_": {
        "type": "string",
        "value": "33dp"
    },
    "_margin_": [
        6,
        6,
        6,
        6
    ],
    "_padding_": [
        0,
        0,
        0,
        0
    ],
    "_skin_": "sddbbbb41d53462187b5975ae4b87d6f",
    "_text_": "Update Address",
    "_top_": {
        "type": "string",
        "value": "187dp"
    },
    "_width_": {
        "type": "string",
        "value": "300dp"
    },
    "canUpdateUI": true,
    "containerweight": 100,
    "contentalignment": 5,
    "displaytext": true,
    "focusskin": "sc609138af1746948d17b461739fb4e3",
    "id": "Button0a566fdec53a945",
    "ide_onClick": "AS_Button_ga2424f09f7249e6ad37c2e71fb20328",
    "info": null,
    "iscustomlayout": false,
    "isvisible": true,
    "kuid": "hbab4f952654457eaa98ac5acd40f28e",
    "name": "kony.ui.Button",
    "parent": "UpdateAddress",
    "pf": "UpdateAddress",
    "retaincontentalignment": false,
    "retainflexpositionproperties": false,
    "wType": "Button",
    "zindex": 1
}