{
    "@class": "com.kony.gen.viz.model.component.KVizTextBox2",
    "DNDConfig": null,
    "__parentReadjusting__": false,
    "_height_": {
        "type": "string",
        "value": "40dp"
    },
    "_left_": {
        "type": "string",
        "value": "37dp"
    },
    "_margin_": [
        0,
        0,
        0,
        0
    ],
    "_padding_": [
        3,
        0,
        0,
        0
    ],
    "_placeholder_": "Placeholder",
    "_skin_": "sd82dd3f7cc64b0fb3a2c6b93716c396",
    "_text_": "DefaultAddress",
    "_top_": {
        "type": "string",
        "value": "123dp"
    },
    "_width_": {
        "type": "string",
        "value": "300dp"
    },
    "autocapitalize": "none",
    "autocomplete": false,
    "autocorrect": false,
    "autofilter": false,
    "canUpdateUI": true,
    "containerheight": "",
    "containerheightmode": 1,
    "containerweight": 100,
    "contentalignment": 4,
    "focusskin": "s5363cfdcdf543b6b6351c62562cf3dc",
    "id": "txtAddress",
    "info": null,
    "iscustomlayout": false,
    "isvisible": true,
    "keyboardtype": "A",
    "kuid": "a4dee65e4c4549978c425dc09da4ab1b",
    "mode": "A",
    "name": "kony.ui.TextBox2",
    "parent": "UpdateAddress",
    "pf": "UpdateAddress",
    "placeholderskin": "s105e158743341c480144b7db355803f",
    "retaincontentalignment": false,
    "retainflexpositionproperties": false,
    "securetextentry": false,
    "textinputmode": "A",
    "tooltip": "",
    "viewtype": "default",
    "wType": "TextField",
    "zindex": 1
}