{
    "AS_Button_a2517fbb83ca4259a24205bb58b94f9e": {
        "id": "AS_Button_a2517fbb83ca4259a24205bb58b94f9e",
        "type": "ACTION_SEQUENCE",
        "params": [{
            "datatype": "collection",
            "name": "eventobject"
        }],
        "contextObj": {
            "name": "CardDetails",
            "type": "forms",
            "platform": null,
            "KUID": "aa614a74b4fb491196d76171bc8aa2be"
        },
        "language": "js",
        "actions": [{
            "id": "INVOKE_FUNCTION___f4b32950e70f40bd8024996322a2486e",
            "type": "INVOKE_FUNCTION",
            "sequenceKUID": "getCreditCardDetails",
            "display": "getCreditCardDetails",
            "inputparams": [],
            "parentId": null,
            "callbackType": null,
            "disabled": null,
            "source": "controller"
        }]
    }
}