{
    "AS_Button_ga2424f09f7249e6ad37c2e71fb20328": {
        "id": "AS_Button_ga2424f09f7249e6ad37c2e71fb20328",
        "type": "ACTION_SEQUENCE",
        "params": [{
            "datatype": "collection",
            "name": "eventobject"
        }],
        "contextObj": {
            "name": "UpdateAddress",
            "type": "forms",
            "platform": null,
            "KUID": "fd94d2db3efd4650986fa2b6db86d9d9"
        },
        "language": "js",
        "actions": [{
            "id": "INVOKE_FUNCTION___da10ffcd05644bd2a76b96a0bbc9318b",
            "type": "INVOKE_FUNCTION",
            "sequenceKUID": "updateAddress",
            "display": "updateAddress",
            "inputparams": [],
            "parentId": null,
            "callbackType": null,
            "disabled": null,
            "source": "controller"
        }]
    }
}