{
    "AS_Button_cce7a40394724dd2a2b14aaded20e0ad": {
        "id": "AS_Button_cce7a40394724dd2a2b14aaded20e0ad",
        "type": "ACTION_SEQUENCE",
        "params": [{
            "datatype": "collection",
            "name": "eventobject"
        }],
        "contextObj": {
            "name": "CardDetails",
            "type": "forms",
            "platform": "",
            "KUID": "aa614a74b4fb491196d76171bc8aa2be"
        },
        "language": "js",
        "actions": [{
            "id": "ADD_SNIPPET__bda9020deece41b0bf816c7794e426d3",
            "type": "ADD_SNIPPET",
            "codeSnippet": "var nav = new kony.mvc.Navigation(\"CreateForm\");\nnav.navigate();",
            "parentId": null,
            "callbackType": null
        }]
    }
}