{
    "AS_Button_e27c19a77ddf4adcb378a34cb85a817a": {
        "id": "AS_Button_e27c19a77ddf4adcb378a34cb85a817a",
        "type": "ACTION_SEQUENCE",
        "params": [{
            "datatype": "collection",
            "name": "eventobject"
        }],
        "contextObj": {
            "name": "CreateForm",
            "type": "forms",
            "platform": null,
            "KUID": "g50837a747ef492f84b8d5040a5b171c"
        },
        "language": "js",
        "actions": [{
            "id": "INVOKE_FUNCTION___h86fe12c32f24d2c8d0ebc2ff744f13a",
            "type": "INVOKE_FUNCTION",
            "sequenceKUID": "create",
            "display": "create",
            "inputparams": [],
            "parentId": null,
            "callbackType": null,
            "disabled": null,
            "source": "controller"
        }]
    }
}