{
    "AS_Button_fa4a4ec9eb864e28bbf97290e2fd74a8": {
        "id": "AS_Button_fa4a4ec9eb864e28bbf97290e2fd74a8",
        "type": "ACTION_SEQUENCE",
        "params": [{
            "datatype": "collection",
            "name": "eventobject"
        }],
        "contextObj": {
            "name": "CardDetails",
            "type": "forms",
            "platform": "",
            "KUID": "aa614a74b4fb491196d76171bc8aa2be"
        },
        "language": "js",
        "actions": [{
            "id": "ADD_SNIPPET__dbadf479ef4d411484d905299ce303d5",
            "type": "ADD_SNIPPET",
            "codeSnippet": "var nav = new kony.mvc.Navigation(\"UpdateAddress\");\nnav.navigate();",
            "parentId": null,
            "callbackType": null
        }]
    }
}