{
    "AS_Button_e997070c171749fbb352740dd9943c5c": {
        "id": "AS_Button_e997070c171749fbb352740dd9943c5c",
        "type": "ACTION_SEQUENCE",
        "params": [{
            "datatype": "collection",
            "name": "eventobject"
        }],
        "contextObj": {
            "name": "CardDetails",
            "type": "forms",
            "platform": null,
            "KUID": "aa614a74b4fb491196d76171bc8aa2be"
        },
        "language": "js",
        "actions": [{
            "id": "INVOKE_FUNCTION___b8aa70a01e1c4996885cd672cabe85f7",
            "type": "INVOKE_FUNCTION",
            "sequenceKUID": "registerProcessor",
            "display": "registerProcessor",
            "inputparams": [],
            "parentId": null,
            "callbackType": null,
            "disabled": null,
            "source": "module"
        }]
    }
}