{
    "AS_Form_a1920b9dd6184a4ba997ed4a85b594f1": {
        "id": "AS_Form_a1920b9dd6184a4ba997ed4a85b594f1",
        "type": "ACTION_SEQUENCE",
        "params": [{
            "datatype": "collection",
            "name": "eventobject"
        }],
        "contextObj": {
            "name": "CardDetails",
            "type": "forms",
            "platform": "",
            "KUID": "aa614a74b4fb491196d76171bc8aa2be"
        },
        "language": "js",
        "actions": [{
            "id": "INVOKE_FUNCTION___c323fa90cb5e454c9ebbd86151109b7a",
            "type": "INVOKE_FUNCTION",
            "sequenceKUID": "registerProcessor",
            "display": "registerProcessor",
            "inputparams": [],
            "parentId": null,
            "callbackType": null,
            "disabled": null,
            "source": "controller"
        }]
    }
}