{
    "AS_Label_bb4f3b8e133f4111a17d5acad5adb580": {
        "id": "AS_Label_bb4f3b8e133f4111a17d5acad5adb580",
        "type": "ACTION_SEQUENCE",
        "params": [{
            "datatype": "collection",
            "name": "eventobject"
        }, {
            "datatype": "string",
            "name": "x"
        }, {
            "datatype": "string",
            "name": "y"
        }, {
            "datatype": "collection",
            "name": "context"
        }],
        "contextObj": {
            "name": "FBox0cd33a31c2cdf4e",
            "type": "templates",
            "platform": null,
            "KUID": "g74d5882652b40e69cfaf0c2a786fd93"
        },
        "language": "js",
        "actions": []
    }
}