{
    "AS_Segment_j4d43838081c4c9b897f5f385fb9349c": {
        "id": "AS_Segment_j4d43838081c4c9b897f5f385fb9349c",
        "type": "ACTION_SEQUENCE",
        "params": [{
            "datatype": "collection",
            "name": "eventobject"
        }, {
            "datatype": "number",
            "name": "sectionNumber"
        }, {
            "datatype": "number",
            "name": "rowNumber"
        }],
        "contextObj": {
            "name": "CardDetails",
            "type": "forms",
            "platform": "",
            "KUID": "aa614a74b4fb491196d76171bc8aa2be"
        },
        "language": "js",
        "actions": [{
            "id": "ADD_SNIPPET__h5e62bb24ae147a7ad8b41cec71896ef",
            "type": "ADD_SNIPPET",
            "codeSnippet": "var selectedData = this.view.segData.data[rowNumber];\nvar nav = new kony.mvc.Navigation(\"UpdateAddress\");\nnav.navigate(selectedData);\n",
            "parentId": null,
            "callbackType": null
        }]
    }
}