{
    "@class": "com.kony.gen.viz.model.component.KVizButton",
    "DNDConfig": null,
    "__parentReadjusting__": false,
    "_height_": {
        "type": "string",
        "value": "50dp"
    },
    "_left_": {
        "type": "string",
        "value": "32dp"
    },
    "_margin_": [
        6,
        6,
        6,
        6
    ],
    "_padding_": [
        0,
        0,
        0,
        0
    ],
    "_skin_": "sbb285d21607446787d582da1a92adb2",
    "_text_": "Create User",
    "_top_": {
        "type": "string",
        "value": "240dp"
    },
    "_width_": {
        "type": "string",
        "value": "300dp"
    },
    "canUpdateUI": true,
    "containerweight": 100,
    "contentalignment": 5,
    "displaytext": true,
    "focusskin": "sc609138af1746948d17b461739fb4e3",
    "id": "Button0i50acd51216740",
    "ide_onClick": "AS_Button_e27c19a77ddf4adcb378a34cb85a817a",
    "info": null,
    "iscustomlayout": false,
    "isvisible": true,
    "kuid": "f10989ac80e648d9b0023f4f47509817",
    "name": "kony.ui.Button",
    "parent": "CreateForm",
    "pf": "CreateForm",
    "retaincontentalignment": false,
    "retainflexpositionproperties": false,
    "wType": "Button",
    "zindex": 1
}