[ {
  "entityTypeId" : "3d158745-791f-4008-9c5f-171125a895ad",
  "id" : "f0f72969-9460-402d-969e-e5a16c1dcfab",
  "name" : "Address",
  "dataType" : "string",
  "hasIndex" : false,
  "unique" : false,
  "primarykey" : false,
  "namefield" : false,
  "nullable" : true,
  "custom" : true,
  "createable" : true,
  "updateable" : true,
  "audit" : false,
  "customizable" : false,
  "fieldLength" : 1000,
  "fieldOrder" : 3,
  "fieldProperties" : {
    "autoGenerated" : "false",
    "metadata" : "{\"encryptionAlgorithm\":\"AES\",\"enableEncryption\":\"true\"}"
  }
}, {
  "entityTypeId" : "3d158745-791f-4008-9c5f-171125a895ad",
  "id" : "11e32513-4435-404f-af35-8267b9dde991",
  "name" : "CardHolder",
  "dataType" : "string",
  "hasIndex" : false,
  "unique" : false,
  "primarykey" : false,
  "namefield" : false,
  "nullable" : true,
  "custom" : true,
  "createable" : true,
  "updateable" : true,
  "audit" : false,
  "customizable" : false,
  "fieldLength" : 30,
  "fieldOrder" : 4,
  "fieldProperties" : {
    "autoGenerated" : "false"
  }
}, {
  "entityTypeId" : "3d158745-791f-4008-9c5f-171125a895ad",
  "id" : "8c8e3c3a-6295-4b78-8872-258ca3dde5c4",
  "name" : "CardID",
  "dataType" : "number",
  "hasIndex" : false,
  "unique" : true,
  "primarykey" : true,
  "namefield" : false,
  "nullable" : false,
  "custom" : true,
  "createable" : false,
  "updateable" : true,
  "audit" : false,
  "customizable" : false,
  "fieldOrder" : 1,
  "fieldProperties" : {
    "autoGenerated" : "true"
  }
}, {
  "entityTypeId" : "3d158745-791f-4008-9c5f-171125a895ad",
  "id" : "5f5cc479-7cdd-4635-86d3-15e9c1bff837",
  "name" : "CardNumber",
  "dataType" : "string",
  "hasIndex" : false,
  "unique" : true,
  "primarykey" : false,
  "namefield" : false,
  "nullable" : true,
  "custom" : true,
  "createable" : true,
  "updateable" : true,
  "audit" : false,
  "customizable" : false,
  "fieldLength" : 1000,
  "fieldOrder" : 2,
  "fieldProperties" : {
    "autoGenerated" : "false",
    "metadata" : "{\"enableEncryption\":\"true\",\"encryptionAlgorithm\":\"AES\"}"
  }
}, {
  "entityTypeId" : "3d158745-791f-4008-9c5f-171125a895ad",
  "id" : "e9d99ebd-8cff-41ae-ac54-4387b8195937",
  "name" : "CreatedBy",
  "dataType" : "string",
  "hasIndex" : false,
  "unique" : false,
  "primarykey" : false,
  "namefield" : false,
  "nullable" : true,
  "custom" : true,
  "createable" : true,
  "updateable" : true,
  "audit" : false,
  "customizable" : false,
  "fieldLength" : 32,
  "fieldOrder" : 5,
  "fieldProperties" : {
    "standard" : "true",
    "autoGenerated" : "false",
    "isUpdateTimeStampField" : "false",
    "isSoftDeleteField" : "false"
  }
}, {
  "entityTypeId" : "3d158745-791f-4008-9c5f-171125a895ad",
  "id" : "bfcb9534-fd5f-420d-874b-dc1c34a0618b",
  "name" : "CreatedDateTime",
  "dataType" : "date",
  "hasIndex" : false,
  "unique" : false,
  "primarykey" : false,
  "namefield" : false,
  "nullable" : false,
  "custom" : true,
  "createable" : false,
  "updateable" : true,
  "audit" : false,
  "customizable" : false,
  "fieldLength" : 32,
  "fieldOrder" : 7,
  "fieldProperties" : {
    "standard" : "true",
    "autoGenerated" : "false",
    "isUpdateTimeStampField" : "false",
    "isSoftDeleteField" : "false"
  }
}, {
  "entityTypeId" : "3d158745-791f-4008-9c5f-171125a895ad",
  "id" : "3255d060-2dc5-443b-bb1c-cec98e51966c",
  "name" : "LastUpdatedBy",
  "dataType" : "string",
  "hasIndex" : false,
  "unique" : false,
  "primarykey" : false,
  "namefield" : false,
  "nullable" : true,
  "custom" : true,
  "createable" : true,
  "updateable" : true,
  "audit" : false,
  "customizable" : false,
  "fieldLength" : 32,
  "fieldOrder" : 6,
  "fieldProperties" : {
    "standard" : "true",
    "autoGenerated" : "false",
    "isUpdateTimeStampField" : "false",
    "isSoftDeleteField" : "false"
  }
}, {
  "entityTypeId" : "3d158745-791f-4008-9c5f-171125a895ad",
  "id" : "ea378cbe-5931-4167-8b10-fe18a81d33d2",
  "name" : "LastUpdatedDateTime",
  "dataType" : "date",
  "hasIndex" : false,
  "unique" : false,
  "primarykey" : false,
  "namefield" : false,
  "nullable" : false,
  "custom" : true,
  "createable" : false,
  "updateable" : true,
  "audit" : false,
  "customizable" : false,
  "fieldLength" : 32,
  "fieldOrder" : 8,
  "fieldProperties" : {
    "standard" : "true",
    "autoGenerated" : "false",
    "isUpdateTimeStampField" : "true",
    "isSoftDeleteField" : "false",
    "timeStampFieldFormat" : "yyyy-MM-dd'T'HH:mm:ss.SSS"
  }
}, {
  "entityTypeId" : "3d158745-791f-4008-9c5f-171125a895ad",
  "id" : "c1ae1091-1219-4084-a801-1e728c5e9bb7",
  "name" : "SoftDeleteFlag",
  "dataType" : "boolean",
  "hasIndex" : false,
  "unique" : false,
  "primarykey" : false,
  "namefield" : false,
  "nullable" : true,
  "custom" : true,
  "createable" : false,
  "updateable" : true,
  "audit" : false,
  "customizable" : false,
  "fieldLength" : 1,
  "fieldOrder" : 9,
  "fieldProperties" : {
    "standard" : "true",
    "autoGenerated" : "false",
    "isUpdateTimeStampField" : "false",
    "isSoftDeleteField" : "true"
  }
} ]